{
  "77": [
    [
      -89.657964,
      21.288203
    ],
    [
      -89.657992,
      21.288454
    ],
    [
      -89.659138,
      21.288356
    ],
    [
      -89.660214,
      21.288264
    ],
    [
      -89.661341,
      21.288167
    ],
    [
      -89.662441,
      21.288073
    ],
    [
      -89.663395,
      21.287991
    ],
    [
      -89.663451,
      21.287986
    ],
    [
      -89.663482,
      21.287959
    ],
    [
      -89.663508,
      21.287925
    ],
    [
      -89.663526,
      21.287886
    ],
    [
      -89.663535,
      21.287847
    ],
    [
      -89.663531,
      21.287803
    ],
    [
      -89.663519,
      21.287645
    ],
    [
      -89.66371,
      21.287621
    ],
    [
      -89.663796,
      21.287593
    ],
    [
      -89.663798,
      21.287592
    ]
  ],
  "78": [
    [
      -89.657964,
      21.288203
    ],
    [
      -89.657992,
      21.288454
    ],
    [
      -89.659138,
      21.288356
    ],
    [
      -89.659998,
      21.288282
    ]
  ],
  "79": [
    [
      -89.657964,
      21.288203
    ],
    [
      -89.657928,
      21.287882
    ],
    [
      -89.656821,
      21.287998
    ],
    [
      -89.656878,
      21.288549
    ],
    [
      -89.657599,
      21.288488
    ]
  ],
  "80": [
    [
      -89.657964,
      21.288203
    ],
    [
      -89.657928,
      21.287882
    ],
    [
      -89.656821,
      21.287998
    ],
    [
      -89.656878,
      21.288549
    ],
    [
      -89.657405,
      21.288504
    ]
  ],
  "81": [
    [
      -89.657964,
      21.288203
    ],
    [
      -89.657928,
      21.287882
    ],
    [
      -89.656821,
      21.287998
    ],
    [
      -89.655815,
      21.288096
    ],
    [
      -89.655227,
      21.288159
    ],
    [
      -89.65454,
      21.288224
    ],
    [
      -89.653945,
      21.28828
    ],
    [
      -89.652655,
      21.288408
    ],
    [
      -89.651975,
      21.28846
    ]
  ],
  "82": [
    [
      -89.657964,
      21.288203
    ],
    [
      -89.657992,
      21.288454
    ],
    [
      -89.659138,
      21.288356
    ],
    [
      -89.660214,
      21.288264
    ],
    [
      -89.661341,
      21.288167
    ],
    [
      -89.662441,
      21.288073
    ],
    [
      -89.663395,
      21.287991
    ],
    [
      -89.663451,
      21.287986
    ],
    [
      -89.663482,
      21.287959
    ],
    [
      -89.663508,
      21.287925
    ],
    [
      -89.663526,
      21.287886
    ],
    [
      -89.663535,
      21.287847
    ],
    [
      -89.663531,
      21.287803
    ],
    [
      -89.663519,
      21.287645
    ],
    [
      -89.663497,
      21.287403
    ],
    [
      -89.663762,
      21.287373
    ],
    [
      -89.6646,
      21.287258
    ],
    [
      -89.664567,
      21.286999
    ],
    [
      -89.664538,
      21.286766
    ],
    [
      -89.664637,
      21.286753
    ],
    [
      -89.664668,
      21.286987
    ],
    [
      -89.66472,
      21.287435
    ],
    [
      -89.66494,
      21.289259
    ],
    [
      -89.664957,
      21.289331
    ]
  ],
  "83": [
    [
      -89.657964,
      21.288203
    ],
    [
      -89.657992,
      21.288454
    ],
    [
      -89.659138,
      21.288356
    ],
    [
      -89.660214,
      21.288264
    ],
    [
      -89.661341,
      21.288167
    ],
    [
      -89.662441,
      21.288073
    ],
    [
      -89.663395,
      21.287991
    ],
    [
      -89.663451,
      21.287986
    ],
    [
      -89.663482,
      21.287959
    ],
    [
      -89.663508,
      21.287925
    ],
    [
      -89.663526,
      21.287886
    ],
    [
      -89.663535,
      21.287847
    ],
    [
      -89.663531,
      21.287803
    ],
    [
      -89.663519,
      21.287645
    ],
    [
      -89.663497,
      21.287403
    ],
    [
      -89.662387,
      21.287481
    ],
    [
      -89.661299,
      21.287589
    ]
  ],
  "84": [
    [
      -89.657964,
      21.288203
    ],
    [
      -89.657928,
      21.287882
    ],
    [
      -89.656821,
      21.287998
    ],
    [
      -89.656878,
      21.288549
    ],
    [
      -89.657609,
      21.288487
    ]
  ],
  "85": [
    [
      -89.657964,
      21.288203
    ],
    [
      -89.657928,
      21.287882
    ],
    [
      -89.656821,
      21.287998
    ],
    [
      -89.655815,
      21.288096
    ],
    [
      -89.655227,
      21.288159
    ],
    [
      -89.65454,
      21.288224
    ],
    [
      -89.654569,
      21.288545
    ]
  ],
  "86": [
    [
      -89.657964,
      21.288203
    ],
    [
      -89.657992,
      21.288454
    ],
    [
      -89.659138,
      21.288356
    ],
    [
      -89.660214,
      21.288264
    ],
    [
      -89.661341,
      21.288167
    ],
    [
      -89.662441,
      21.288073
    ],
    [
      -89.663395,
      21.287991
    ],
    [
      -89.663451,
      21.287986
    ],
    [
      -89.663482,
      21.287959
    ],
    [
      -89.663508,
      21.287925
    ],
    [
      -89.663526,
      21.287886
    ],
    [
      -89.663535,
      21.287847
    ],
    [
      -89.663531,
      21.287803
    ],
    [
      -89.663519,
      21.287645
    ],
    [
      -89.66371,
      21.287621
    ],
    [
      -89.663796,
      21.287593
    ],
    [
      -89.663797,
      21.287592
    ]
  ],
  "87": [
    [
      -89.657964,
      21.288203
    ],
    [
      -89.657992,
      21.288454
    ],
    [
      -89.659138,
      21.288356
    ],
    [
      -89.660214,
      21.288264
    ],
    [
      -89.661341,
      21.288167
    ],
    [
      -89.66211,
      21.288101
    ]
  ],
  "88": [
    [
      -89.657964,
      21.288203
    ],
    [
      -89.657992,
      21.288454
    ],
    [
      -89.659138,
      21.288356
    ],
    [
      -89.660214,
      21.288264
    ],
    [
      -89.661341,
      21.288167
    ],
    [
      -89.661333,
      21.288097
    ]
  ],
  "89": [
    [
      -89.657964,
      21.288203
    ],
    [
      -89.657992,
      21.288454
    ],
    [
      -89.659138,
      21.288356
    ],
    [
      -89.660214,
      21.288264
    ],
    [
      -89.660184,
      21.287992
    ]
  ],
  "90": [
    [
      -89.657964,
      21.288203
    ],
    [
      -89.657992,
      21.288454
    ],
    [
      -89.659138,
      21.288356
    ],
    [
      -89.659592,
      21.288317
    ]
  ],
  "91": [
    [
      -89.657964,
      21.288203
    ],
    [
      -89.657992,
      21.288454
    ],
    [
      -89.658402,
      21.288419
    ]
  ],
  "92": [
    [
      -89.657964,
      21.288203
    ],
    [
      -89.657992,
      21.288454
    ],
    [
      -89.658199,
      21.288436
    ]
  ],
  "93": [
    [
      -89.657964,
      21.288203
    ],
    [
      -89.657928,
      21.287882
    ],
    [
      -89.656821,
      21.287998
    ],
    [
      -89.656878,
      21.288549
    ],
    [
      -89.657804,
      21.28847
    ]
  ],
  "94": [
    [
      -89.657964,
      21.288203
    ],
    [
      -89.657928,
      21.287882
    ],
    [
      -89.656821,
      21.287998
    ],
    [
      -89.655815,
      21.288096
    ],
    [
      -89.655227,
      21.288159
    ],
    [
      -89.65454,
      21.288224
    ],
    [
      -89.654567,
      21.288529
    ]
  ],
  "95": [
    [
      -89.657964,
      21.288203
    ],
    [
      -89.657928,
      21.287882
    ],
    [
      -89.656821,
      21.287998
    ],
    [
      -89.656871,
      21.288483
    ]
  ],
  "96": [
    [
      -89.657964,
      21.288203
    ],
    [
      -89.657992,
      21.288454
    ],
    [
      -89.659138,
      21.288356
    ],
    [
      -89.660214,
      21.288264
    ],
    [
      -89.660444,
      21.288244
    ]
  ],
  "97": [
    [
      -89.657964,
      21.288203
    ],
    [
      -89.657992,
      21.288454
    ],
    [
      -89.659138,
      21.288356
    ],
    [
      -89.660214,
      21.288264
    ],
    [
      -89.660207,
      21.288199
    ]
  ],